compressor,dataset,ratio
fpc,AMPd,1.098
fpc,BAR,1.202
fpc,MAX,1.057
fpc,MSRC,1.090
fpc,OXFORD,1.062
fpc,PAMAP,1.008
fpc,UCI,1.189
gorilla,AMPd,2.034
gorilla,BAR,1.443
gorilla,MAX,2.968
gorilla,MSRC,1.408
gorilla,OXFORD,1.275
gorilla,PAMAP,1.380
gorilla,UCI,1.226
xor,AMPd,6.391
xor,BAR,2.358
xor,MAX,4.837
xor,MSRC,1.367
xor,OXFORD,1.299
xor,PAMAP,4.848
xor,UCI,3.499
